Country_code_A3,Name,Substance,2000,2001,2002,2003,2004,2005,2006,2007,2008,2009,2010,2011,2012,2013,2014,2015,2016,2017,2018,2019,2020
ABW,Aruba,CO2,950.9880941,977.166414,996.5117898,1288.471086,1338.638889,1377.27413,1339.132001,1369.656688,1288.139642,1387.899058,1345.968976,1286.369279,1637.822831,1605.689731,1633.58442,1626.23405,1597.398255,1335.792882,1366.614574,1404.705123,1166.018409
AFG,Afghanistan,CO2,3504.449671,3456.670869,3967.05003,4382.530772,4027.989583,5001.569608,4949.225837,5880.817069,7366.305492,10791.18753,12061.63762,15573.2241,14462.28881,12796.26848,12478.10878,12551.08767,11760.79938,12117.69374,12736.81183,12215.71709,12525.01133
AGO,Angola,CO2,34104.66959,34184.39714,34324.97698,36045.57175,36788.07882,35325.28345,36353.19347,37491.02093,39679.77403,42655.5641,44770.49944,46455.16848,45747.27698,51282.17427,53677.19199,56211.79289,55507.49308,51285.30007,49702.30585,51343.73554,49153.12691
AIA,Anguilla,CO2,15.53153371,15.91075851,10.85891545,14.10781774,13.47189009,13.66161642,12.81244341,12.35472912,15.26847719,20.16095787,24.00449613,26.00805487,26.02322758,27.94051199,27.89606068,28.00542611,28.33988089,29.06244509,28.22299426,27.57999313,22.77948761
AIR,Int. Aviation,CO2,352628.8292,346128.0979,366703.2383,364670.144,393904.6399,418838.7904,434148.6542,448063.4932,455899.9822,434205.4923,458205.0418,472112.4083,472721.1187,480909.1262,496627.6965,524654.0345,548207.7774,582230.4897,609630.4816,617763.2293,338144.0834
ALB,Albania,CO2,4459.571897,4647.513871,5208.678792,5163.579817,5515.47951,5267.495304,5225.143163,5270.311646,5246.886972,5322.543477,5588.209069,5999.725996,5552.760992,5768.874245,6132.941803,5973.175769,5732.06428,6375.06369,6413.341464,6153.321435,5823.438133
ANT,Netherlands Antilles,CO2,5670.832893,5708.378907,5462.690116,5478.935282,5721.185912,6032.200307,5938.961771,6451.530792,6385.793401,5986.949446,4435.063336,5683.879999,5130.824005,4685.495472,5258.290891,5311.484306,4549.638271,3619.473578,2877.02226,2210.519648,1831.085097
ARE,United Arab Emirates,CO2,88602.09792,101417.8985,103693.6925,108997.7952,115244.7483,122708.3819,127480.0787,137474.7458,164590.167,165719.1549,172341.4696,176644.4999,186280.4758,195830.0175,197454.8515,208010.2104,212772.1517,208899.0736,188126.8634,199501.7823,189510.7209
ARG,Argentina,CO2,188652.272,185010.7824,177763.7434,196076.8784,210895.9508,214303.5826,224648.3799,238088.9278,246785.6871,223378.3747,245540.6073,261557.2703,258991.336,267559.0246,269735.6799,274226.3102,276035.5582,281637.8668,274346.7309,272683.3954,259387.1023
ARM,Armenia,CO2,3768.053163,3843.701408,3323.313866,3691.211659,3981.867702,4663.971819,4692.721217,5421.958884,5918.240054,4771.85884,4571.060604,5215.620984,5999.601879,5702.551158,5813.986093,6051.657008,6018.366393,6314.390966,6361.73478,6730.649658,6855.562752
ATG,Antigua and Barbuda,CO2,493.1585091,490.8108649,534.024647,708.7842944,725.2396228,712.3486369,724.1436749,747.0229584,751.5644389,839.310791,856.7381252,983.6867934,1061.74023,1065.390687,1099.850511,1082.731516,1095.924203,781.2131016,853.5705213,846.7415873,698.8657681
AUS,Australia,CO2,429698.7628,439882.6314,459239.6741,433108.6344,456574.9832,454808.6058,456394.0538,456560.086,469103.1861,485785.1762,491375.8831,488877.4198,491514.7548,486030.4017,473583.6177,484847.5147,491012.53,491231.1816,477070.6206,471567.2104,439813.3415
AUT,Austria,CO2,81986.80453,87877.42579,88420.68818,94086.63374,95513.8773,98921.50741,99129.92987,98280.99034,98805.91624,92878.63113,100979.6574,98802.60358,96800.32514,97552.90604,93426.3814,95367.30434,96411.19686,98677.31806,94492.73866,96260.74927,87981.71174
AZE,Azerbaijan,CO2,28447.21251,27160.24275,26958.55632,29468.21151,29157.41839,31006.20779,31418.3622,28793.03527,31795.50895,26746.42938,25435.95825,28776.50993,31660.51322,32717.35311,33957.29122,33534.93102,33738.75476,33540.07787,34491.65163,37411.68503,36883.04024
BDI,Burundi,CO2,7403.975407,10248.01141,10452.42,10668.26534,10909.18264,11050.1342,11173.20812,11626.41734,11691.32954,11977.18358,12346.66741,12622.89551,8459.288013,9149.054624,9159.419598,9266.117147,9566.111424,9682.155915,9978.899053,10259.09179,10117.78163
BEL,Belgium,CO2,128548.9143,129866.3863,122506.5424,128120.2541,127571.6101,124139.1644,123212.1389,120286.9977,123265.1063,116476.0628,127329.9002,116615.5436,116411.1919,118295.7437,110520.3406,115564.9857,115236.937,114036.2293,114497.9908,113578.8984,104438.2332
BEN,Benin,CO2,7310.880172,7754.767109,8290.703718,8618.359432,8970.188838,9409.451456,11064.33031,11842.51566,12107.9918,12697.53832,12280.16724,12330.34454,12358.66317,13531.05071,14190.81141,14756.6244,16399.51782,16772.59645,18298.34348,18596.36292,18428.16679
BFA,Burkina Faso,CO2,11255.34308,12244.73435,10758.85677,11319.95111,13225.83994,16644.99353,17203.7099,18281.85729,20307.79579,20447.97949,21030.49751,21075.29591,22910.05789,23772.63829,23681.04083,25167.62345,25915.8307,26939.50031,28175.58507,28984.43172,29300.23477
BGD,Bangladesh,CO2,78338.40073,83621.42014,87416.14023,88996.26069,90752.15878,94202.09784,97987.86567,101416.5556,107245.7761,110367.6806,117112.6503,121209.3651,124787.7013,127650.8338,131451.9005,141253.6735,142820.5293,148968.2879,153668.8256,162375.2395,161462.4351
BGR,Bulgaria,CO2,50941.62177,53224.78019,50908.09549,56452.09973,55049.88714,55885.66612,57161.92445,60419.55531,58480.33771,50012.69472,53674.96576,59450.8286,54823.01705,50284.2787,52671.36152,55181.9309,52932.80428,55431.55839,54257.80174,53065.14203,46769.98914
BHR,Bahrain,CO2,17766.88152,18402.15588,19219.49782,19888.31965,19913.53747,23363.36904,25442.16024,25845.03644,27662.36176,27648.84939,28828.4358,28994.36675,30210.21089,32121.85797,33307.77087,33476.01312,33487.95719,33768.13101,34042.27309,36748.10395,36468.91299
BHS,Bahamas,CO2,3587.035715,3635.721159,3621.149945,2952.955195,3253.318794,3002.705805,3287.711427,3717.346266,3574.658389,3053.735792,3441.068234,3610.490722,4295.624595,4145.0885,4077.003208,3878.691676,3971.060362,4123.793302,4685.487367,4633.03799,3862.627413
BIH,Bosnia and Herzegovina,CO2,15279.48842,15120.19228,15874.46636,16167.81313,17093.43673,17886.77136,19726.40498,20721.74853,22690.68073,22688.62109,23183.14982,26236.47632,24272.14283,24214.93429,22708.92313,23228.05035,25948.21322,25984.74384,29233.44181,28082.98396,28144.48005
BLR,Belarus,CO2,61677.86989,61018.0276,61579.41486,62136.25387,65918.72278,67400.43955,70371.26649,69078.84428,72489.34951,69388.75341,74004.41874,71230.37458,72757.24357,72146.8231,71462.12064,66645.11841,66582.96661,68311.03119,71447.90649,69994.48026,64573.93659
BLZ,Belize,CO2,1873.652589,1725.14652,1795.10613,1888.29753,1908.67987,1795.117355,2020.351947,1766.461816,1512.346618,1625.515238,2065.091698,3274.949319,3274.111655,2433.13265,2404.250683,2517.046627,2683.616542,2936.857874,2560.31556,2484.025746,2348.304496
BMU,Bermuda,CO2,544.1786761,547.1628707,583.2694068,733.7884826,748.7854257,755.7373961,819.8406666,906.1230749,866.0647152,788.3864352,928.7659178,771.5547315,880.7979775,856.5774802,1075.657397,898.2425323,1087.307313,804.8877976,903.4207647,892.2528175,743.0666364
BOL,Bolivia,CO2,17101.48034,16631.19495,16878.59765,18151.98392,18860.89281,19397.62763,21268.42934,22260.89344,22783.10804,24082.76304,25306.59586,26498.4247,28036.78317,29724.45185,31021.91162,29409.83406,31999.72112,32173.57081,33095.2796,32756.35517,30497.02919
BRA,Brazil,CO2,746626.6561,793556.7625,830884.2447,878792.0603,921960.7215,937259.8201,993647.5854,1061879.158,1116591.947,1097261.962,1200796.499,1204119.102,1257872.369,1308278.282,1327140.048,1305983.479,1294380.928,1320759.895,1242590.283,1258195.597,1219111.517
BRB,Barbados,CO2,2298.888706,2184.359489,2131.308624,2310.448064,2340.544719,2320.678557,2270.509062,2185.031364,2384.314589,2456.09955,2492.05762,2644.47988,2605.166678,2620.17079,2330.389108,2358.894519,2368.715921,1959.930003,2195.407963,2083.346711,1760.26396
BRN,Brunei Darussalam,CO2,4890.901742,4879.062093,4793.953413,5706.554933,5272.605359,5179.395095,7703.198789,7305.167185,8049.196645,8005.080797,7345.112321,7520.340569,7485.687628,7388.483523,7218.258545,6523.796361,7110.446188,7448.150727,7716.983555,7350.617068,7206.7731
BTN,Bhutan,CO2,4804.419664,4819.802499,5002.63086,5073.975472,5160.769815,5233.207711,5305.454728,5296.012345,5339.90381,5571.532837,5693.829503,5988.049679,5970.769434,6067.764758,6319.494627,6446.858999,6500.722019,6672.391537,6961.571528,7340.676896,7242.456891
BWA,Botswana,CO2,6731.68224,6661.913642,6843.946487,6671.288531,6466.724383,6757.406872,6612.827689,6760.570293,6835.866785,6616.708927,5755.862895,6343.133195,5696.663997,7668.026698,9295.462092,9170.933436,8868.57586,9533.137111,9601.783432,9460.722213,8927.915806
CAF,Central African Republic,CO2,2962.955448,2945.279031,2967.39232,2965.284523,2979.021411,2995.081671,2992.310584,3310.847152,3269.601221,3302.228287,3203.898527,3228.030436,3350.857132,3277.499902,3326.291068,3410.62491,3502.832122,3550.201115,3600.478795,3668.266311,3650.347259
CAN,Canada,CO2,630243.2851,615173.8315,638883.0823,658510.739,657060.3321,664506.7503,652434.3148,685774.4327,659217.0863,623876.7971,640849.4948,654118.103,653275.8155,668016.5713,674630.1304,670211.4161,663967.1488,675974.9401,687826.3783,689321.0436,629396.8428
CHE,Switzerland,CO2,49730.2448,51375.97641,49734.96411,51220.92998,51802.93797,52681.76356,52504.84538,50554.39809,52336.949,51072.23919,53146.02183,48654.91094,50487.6213,51849.55703,47791.46204,47216.93418,48277.61487,47566.8822,46176.45635,46352.03013,42325.83574
CHL,Chile,CO2,73296.95144,71408.13066,72242.31413,73204.11386,78584.47006,79666.78818,81138.14047,89298.93902,93526.40085,91171.98743,92938.64717,103892.7681,120237.9141,128645.4712,117120.5373,121756.6233,128952.0141,130995.2372,131972.5026,135903.968,124802.1557
CHN,China,CO2,4608126.85,4744045.802,5061282.692,5720286.842,6431517.867,7138381.21,7835215.674,8450022.991,8634630.164,9198139.181,9942033.414,10770322.72,11086333.64,11368146.86,11481081.23,11331087.28,11344868.33,11607437.25,12097540.9,12389736.14,12555585.11
CIV,Cote d'Ivoire,CO2,19694.69929,19805.76081,20462.9059,19137.29918,23683.92686,24586.96322,24957.09518,25363.48733,26039.8296,24394.93944,27330.22139,30180.7153,33333.37342,34849.55054,36460.47175,33168.2947,33222.96347,34838.94778,34534.69659,35788.18345,35866.85238
CMR,Cameroon,CO2,27344.78329,27820.16617,29173.12522,29928.79358,30524.58482,30994.93512,28291.89718,25294.26728,26076.15963,27869.43207,28164.25052,28558.47422,29414.16849,31012.41742,32656.13918,34051.81859,35355.84573,35976.08901,37153.41678,37773.89238,37324.10229
COD,Dem. Rep. Congo,CO2,59517.52775,60782.84569,62833.53674,65309.59361,67357.5642,69843.46189,72222.51355,74793.15621,77263.02186,79646.19248,81976.72918,86402.36404,72192.01518,81778.02278,92810.14576,93900.02772,96166.32042,96667.22576,85939.21814,86300.939,87207.41382
COG,Congo,CO2,5861.199989,5858.028124,4446.461325,5294.692614,5491.366308,6357.020982,8019.098223,6605.926496,6956.08897,7642.916429,8231.402335,9618.218037,9460.766249,10558.2686,10530.18306,11027.17511,11061.14526,11148.09359,12183.36299,12993.88692,13259.69777
COK,Cook Islands,CO2,65.84697694,64.52998677,35.26612846,32.14677493,51.99369616,83.47601593,86.11486853,69.02923268,74.03452688,70.25962568,83.67800699,96.30805033,100.4721316,100.1016309,104.2277438,94.40083419,96.17888063,101.0436488,100.7310173,104.6362642,105.1615079
COL,Colombia,CO2,104481.2618,101733.1051,103774.0054,106069.2213,92781.78907,95268.65526,94788.04828,98916.75203,95532.74749,99443.84023,100304.751,105432.2733,104822.5851,140185.3802,129341.8138,130817.2686,132304.1198,118086.3452,127400.85,129443.316,117341.9903
COM,Comoros,CO2,421.6027337,430.3411236,444.3828931,487.9715167,512.0493988,517.738506,552.2640797,506.8153308,522.7364534,565.2731146,583.0875844,568.0594847,601.2008976,642.7046295,641.3362404,669.5307504,713.6609244,791.0468628,828.3177828,874.216888,849.854819
CPV,Cape Verde,CO2,560.1432046,638.4639722,669.1592439,638.5669578,672.8332931,906.605956,959.9095585,1052.033627,1030.838133,1007.063242,1058.577829,1116.462366,1001.745167,983.0979912,1023.806567,1033.753264,1056.92558,1134.428216,1131.778334,1148.479911,1136.04822
CRI,Costa Rica,CO2,9141.170941,8586.143085,8743.042989,9437.911472,12431.43604,13038.0623,14242.37825,15532.02035,14641.82128,14865.49803,14859.7596,14012.75466,14192.46123,15406.14338,15649.67298,15141.67535,15480.18813,15593.86318,15348.5075,15071.26986,13867.94512
CUB,Cuba,CO2,77655.21287,77480.70472,65010.36925,57261.80263,56532.65721,44825.71339,41779.5238,42343.40438,42926.671,43310.52679,41525.92502,43683.23268,45802.03448,44976.17923,46217.0519,49898.7691,42634.43791,47996.5643,52501.5156,47314.75113,42463.86084
CYM,Cayman Islands,CO2,480.0726786,483.5742571,512.0208154,667.0686706,637.3164446,633.5126122,638.877956,722.7852359,731.2516613,745.3825403,781.6743813,937.27405,928.5725445,918.6372158,946.0217115,958.2918749,948.0068428,790.7926853,780.4637493,936.6932071,773.0228101
CYP,Cyprus,CO2,7017.313427,6908.035342,7100.937519,7872.992188,7761.257229,7924.837325,7978.125347,8360.919812,8622.531089,8438.498929,8131.944094,7837.108381,7290.960474,6665.057491,7023.402123,7063.601118,7479.581536,7689.746546,7572.754515,7587.184264,6782.807029
CZE,Czech Republic,CO2,138261.6768,138787.0795,134741.8391,138639.52,140888.1821,137523.5651,138955.6893,142205.117,137658.1203,130807.3612,133037.7886,131160.2751,128249.5016,124593.1745,122498.5259,124071.2987,126393.4152,126956.1162,125652.5192,122516.1091,114963.8761
DEU,Germany,CO2,905870.0199,922806.7219,908378.6948,924761.1307,915971.4188,906154.5689,935467.3995,915906.5586,923296.5053,861091.16,921068.217,891820.9249,912984.3084,933138.9751,890371.5547,895847.7795,898450.0162,885128.1734,861523.7166,810809.536,740196.1144
DJI,Djibouti,CO2,1252.896192,1250.97233,1275.787382,1328.679844,1318.545711,1289.793521,1253.406444,1294.386719,1368.235132,1291.532936,1371.893669,1128.737901,1321.922389,1407.150473,1366.900554,1302.20333,1237.156646,1212.88133,1304.647915,1285.424354,1223.886153
DMA,Dominica,CO2,212.4177507,218.4524985,236.8280794,371.7248872,383.5697104,371.3781086,384.756479,411.8606679,389.6773245,401.099098,428.3545484,481.9081638,480.5211152,438.3377947,471.0312144,466.8580326,475.4278834,251.2189051,266.9842948,260.6542569,224.7017873
DNK,Denmark,CO2,60286.95702,62418.71768,62331.31981,68776.53472,63823.90575,61107.62289,69358.12535,65437.74135,62532.5178,60614.89745,62653.64551,57249.88464,52729.48127,54595.36435,50889.86656,49789.72307,51698.49688,50946.03224,50530.61093,47119.71726,42423.42745
DOM,Dominican Republic,CO2,29116.72972,29376.58476,31936.51229,29382.42095,28854.99792,29294.23401,30750.88423,31243.55679,31021.68457,30115.06739,29804.50317,28735.81597,29872.46966,29170.1292,29701.21666,31058.02521,32521.16556,32401.83416,34128.12365,35363.30984,32902.5851
DZA,Algeria,CO2,83984.25219,82422.92506,86993.86004,93422.99603,93076.75896,98983.66491,103784.7785,106408.2265,111105.534,114605.0992,116950.2929,123129.1497,137694.8755,141905.2118,152236.6714,161592.9954,159584.4389,162930.1528,173920.6995,178079.8864,169084.7445
ECU,Ecuador,CO2,31631.41703,34073.87826,33653.26183,34037.09339,35929.2507,37993.44147,39650.34497,41379.87136,40072.23614,41050.44606,43912.10331,44581.32367,44863.65964,47069.57857,50476.2195,50745.54805,49137.29828,48381.98839,48922.91068,48940.13957,42630.75838
EGY,Egypt,CO2,142890.3425,155750.1805,159261.6548,161730.1724,174989.3183,194134.1664,204858.7588,217981.7967,217269.9788,224286.0779,226283.3098,234531.6877,248760.4998,245001.2942,248703.6502,255152.3411,261985.5963,283105.2165,295487.6732,283068.4547,258112.7204
ERI,Eritrea,CO2,2961.611442,3187.909612,3189.556901,3251.565049,2557.231198,2624.807643,2615.817864,2675.813521,2521.932689,2654.615111,2730.913273,2828.546295,2830.802093,2863.756212,2897.140634,2916.548601,2958.972784,3042.959457,3194.206566,3242.774281,3147.284128
ESH,Western Sahara,CO2,255.3716769,258.8669178,258.2231759,264.1048049,263.1762479,259.4876166,259.9404966,255.9866001,257.4689731,255.5566711,252.9100834,238.8054196,239.3754252,237.9758769,233.3148884,237.9379898,239.8934357,214.6028502,225.5379602,232.8135426,197.4244299
ESP,Spain,CO2,331699.1821,332116.1933,350829.2655,361325.3117,377698.3069,393255.6175,384201.9203,399352.6618,368557.9199,333940.0326,321783.5474,330712.2791,325712.1875,298205.5224,295839.9336,310752.0653,304465.9804,323325.9443,318465.0143,301818.3495,254700.5901
EST,Estonia,CO2,19290.12093,19960.05538,19181.70624,21482.77407,22009.67456,22346.43537,20945.99895,25061.77264,23844.01186,21104.86147,25792.37477,25009.35002,24071.07258,26613.19269,25488.6885,23888.32867,24383.1372,25647.22506,26542.83376,20080.26203,18911.22978
ETH,Ethiopia,CO2,112416.0124,117434.1458,120086.2642,124105.8358,128272.2223,132156.5724,135782.0415,139720.3102,144005.645,147416.8673,151427.7344,157006.9446,161763.9311,168373.108,175721.202,179373.9342,185656.1981,190848.3804,194741.4621,200483.0768,200876.3588
FIN,Finland,CO2,98055.62629,102349.2527,107025.1837,115692.5625,114019.5421,98102.36148,114956.2999,112025.5447,104135.4784,96126.44538,111775.7414,103873.9783,100122.3583,102980.7339,100852.0232,97156.43575,100911.8928,101333.4175,105226.1361,102637.5554,101848.6979
FJI,Fiji,CO2,4643.992241,4240.594531,4310.020923,4173.117438,4862.200522,4320.966547,4785.407925,3910.034679,3334.365733,2756.316678,2963.595968,2889.715156,2709.997913,3061.834202,3673.284173,3765.623847,2903.365011,3356.127406,3128.066262,3266.07792,3274.061479
FLK,Falkland Islands (Malvinas),CO2,64.93805726,67.35198012,104.07376,223.9835115,218.3098534,220.0744275,244.3343667,246.522874,244.4692377,248.6822346,247.9260854,269.2673189,273.3780637,239.7826915,263.423517,250.5663765,264.1788572,56.25536794,61.52394305,61.10663136,57.58500471
FRA,France,CO2,450033.2523,453952.2672,447237.3243,453456.5375,455112.4635,460785.4086,445664.1934,443331.6872,444323.4673,434456.4193,446583.3993,428741.1999,437942.4748,436875.3937,399133.6233,407745.0243,413240.1799,417129.3196,406750.9463,400103.9443,349486.5188
FRO,Faroe Islands,CO2,1.702144292,1.735864953,1.76700742,1.796888768,1.837147218,1.867759792,1.881658455,1.889136764,1.899839153,1.911646924,1.923107429,1.93499104,1.946835713,1.947109624,1.947409114,1.946429119,1.946793198,1.960464897,1.975208661,1.957118445,1.972165146
GAB,Gabon,CO2,10707.14041,10952.76834,12122.87083,14498.72237,15163.84007,16393.31044,17153.53082,18059.14402,19827.17163,21224.7974,23182.86047,18459.20856,16330.50306,23178.55555,22259.34381,22699.43841,22987.95763,21716.44852,21296.88144,21301.86357,21231.78969
GBR,United Kingdom,CO2,559158.7286,572803.8411,557970.4472,573305.4114,574327.2498,574228.8466,576225.257,566587.4036,555236.1227,506432.972,525459.8478,486161.4307,510382.6316,502504.1731,469206.1262,458342.8981,440601.0453,429574.3518,428681.2403,420615.2132,370004.3693
GEO,Georgia,CO2,8158.268607,6766.029995,6273.319449,6578.722175,6909.592419,6567.225309,7088.038645,8142.666574,7297.329175,8042.491499,7779.35066,8908.977545,9535.213861,10947.6437,11565.08259,12029.93933,12460.44771,12478.32475,12017.09464,12771.20187,12230.83827
GHA,Ghana,CO2,21584.84628,21351.74326,22101.08451,20902.7184,19734.95107,19628.08904,20707.21162,20796.66041,21410.23262,22823.95199,24065.584,25488.397,28142.84229,29435.00288,29421.07828,30173.96769,30779.15052,32197.39671,34286.60594,37153.64463,38537.88395
GIB,Gibraltar,CO2,341.1640875,349.9215353,356.1849604,362.4498054,393.7073762,406.2257281,424.9420922,421.730621,431.0243564,471.6234353,474.786045,459.1766236,468.5919921,499.7613458,537.1978398,587.1255005,612.2384538,649.766324,689.6356791,717.3198582,651.8539248
GIN,Guinea,CO2,17477.99219,17345.82845,17683.30468,18024.83865,18275.67526,18354.62898,18504.16118,18899.03557,19244.73251,19590.05744,20551.12886,20699.32175,21527.7024,21595.39307,22033.86043,22742.2271,23503.69815,24018.04753,24446.5717,25075.48092,25288.87097
GLP,Guadeloupe,CO2,2104.949845,2169.118722,2167.377826,2400.221216,2411.364332,2309.231184,2280.122231,2219.838699,2093.358654,2249.581914,2538.335498,2557.209728,1950.844184,1951.779723,1907.604972,2145.321357,2025.348594,2030.318154,2043.805712,2060.099748,1741.000055
GMB,Gambia,CO2,1174.565667,1205.229896,1213.603445,1251.882359,1294.927689,1311.701306,1359.039837,1390.613017,1452.823273,1576.163636,1599.218716,1507.369729,1573.853957,1601.85985,1652.686404,1720.663235,1724.005681,1749.709936,1753.925069,1824.752992,1843.563912
GNB,Guinea-Bissau,CO2,3167.577697,3169.158023,3236.356673,3340.839128,3415.435527,3483.061862,3524.751506,3615.49342,3687.758629,3803.188527,3855.632163,3864.723128,4110.265228,4222.711553,4275.88142,4403.956954,4557.692359,4571.535904,4686.639498,4774.537193,4878.931723
GNQ,Equatorial Guinea,CO2,3150.231892,4223.302141,5512.885852,6024.892993,7198.077992,9341.234136,10413.93883,9590.160454,10820.32083,10721.19982,10952.95125,11532.44914,11139.74337,10470.15561,9180.249474,7801.722028,7882.133281,7010.065007,7670.592285,6757.417934,6869.478819
GRC,Greece,CO2,101923.4631,104005.222,104087.4423,107590.7965,107416.6355,109802.1098,108552.4891,112918.5264,108395.6727,102216.0023,95265.81156,93180.74487,89143.06105,80861.92831,78069.01492,76742.57114,74974.77889,75186.56969,73314.74205,68275.35668,57629.25105
GRD,Grenada,CO2,238.6281323,245.516404,276.4152593,419.1883501,406.0362148,411.345472,429.3159873,444.7715028,448.3213544,467.4883248,491.7716109,559.1777299,581.8270991,609.2592959,567.1916303,559.62656,574.4704574,371.2139586,389.7557117,385.0889609,319.7965715
GRL,Greenland,CO2,3.289667989,3.317718475,3.34819447,3.38085731,633.7210128,639.7132199,653.4581046,646.0714288,664.9349705,577.752554,671.8281899,713.3070635,569.7607861,564.4225815,507.4878124,545.8474524,541.2532658,530.5905574,533.2980739,533.3058123,475.6594564
GTM,Guatemala,CO2,39714.11984,40321.8887,47885.94186,47184.49353,51454.75754,48033.54455,37813.67372,39794.93671,38941.54943,51283.68116,44628.06675,59497.20478,45745.70138,47778.70524,50567.07569,53382.96046,56759.30988,55391.83929,57705.20576,59397.36092,57682.19915
GUF,French Guiana,CO2,1006.468336,1069.213445,1065.611473,1326.499236,1382.518795,1299.357454,1250.253996,1287.122124,1241.953968,1501.912504,1814.635371,1709.4117,1605.405002,1687.382017,1767.463145,1797.601913,1900.098281,1904.042283,1930.251859,1953.869648,1929.36549
GUY,Guyana,CO2,6019.891609,6261.107876,6963.205097,6620.970227,7147.836903,6010.365303,5899.743816,6195.250143,5929.092032,5861.541903,5858.580964,6743.322506,6101.049181,5571.98902,5466.295856,5654.957901,5753.553413,5757.094022,5078.311757,4532.724141,4377.619463
HKG,Hong Kong,CO2,41567.53385,41555.04868,40679.07907,44231.11207,40455.63584,42708.82862,42201.56616,44406.35504,43138.58879,45215.092,42302.47089,45373.2421,44709.8175,46280.87316,47637.98566,44383.15552,45225.78862,44301.95419,44231.70381,43743.10097,33151.50167
HND,Honduras,CO2,13944.59063,15389.24077,16754.81465,18516.32037,20262.10979,20840.40052,22773.68072,24925.12242,22827.69232,23004.56307,22941.37093,23273.92384,24376.12344,24297.24832,24839.13341,24853.57318,26018.93361,26929.37026,20550.93829,21324.79178,19718.74906
HRV,Croatia,CO2,24195.6027,25723.18224,26561.92856,28547.65541,28830.46712,29317.4166,29375.67206,30807.67383,29683.17838,27653.28936,27178.83442,26541.50808,25102.52247,24731.01055,23366.81574,24321.53748,24629.33032,25027.9165,24255.98657,24694.94071,23526.65301
HTI,Haiti,CO2,11314.07099,11481.53109,11698.26279,11827.10059,12013.22455,12339.94974,12658.20843,13313.78822,12626.78804,12944.94869,13662.56924,14353.48086,14296.61179,14610.04168,14898.80068,15385.65474,15594.46091,15695.40081,15852.14496,15968.56456,15514.02144
HUN,Hungary,CO2,63071.72237,65337.75687,63975.5491,66320.57956,65791.70219,69055.24251,68508.45598,67334.88302,67749.38574,63413.06117,64837.70372,64482.46253,61092.7364,59362.76065,58844.33221,62161.75254,63021.81784,65112.828,64439.35013,64458.0105,62845.83023
IDN,Indonesia,CO2,601574.9335,620934.5374,632612.1148,660755.0203,674222.7885,677613.9651,704925.1469,722364.6964,726398.3243,729258.9397,744530.6677,797695.2528,803126.4884,763230.1716,794700.7507,787171.6229,776928.837,808317.9504,871080.2117,900561.7136,843630.9851
IND,India,CO2,1795793.954,1822282.223,1826287.885,1869899.825,1965262.306,2035354.888,2153233.395,2299418.282,2398915.408,2517925.264,2659131.474,2789391.419,2962842.034,3063021.677,3229682.131,3268229.131,3326725.659,3505695.222,3675883.259,3645443.566,3475954.979
IRL,Ireland,CO2,44978.2256,47229.67167,46056.56222,45831.23137,46308.86706,48516.24923,49156.76561,48480.31766,47916.4565,43126.38586,42997.08377,39189.68484,39565.1437,38573.99342,38663.70657,40283.2754,41984.73121,41191.3673,41330.69825,39425.65059,35621.23225
IRN,"Iran, Islamic Republic of",CO2,355293.1276,368240.7001,386127.3225,412346.8802,440750.9,470454.174,507704.1562,540141.0483,552897.8143,574440.1694,578014.6086,587135.8197,593859.099,614182.6567,638028.2335,631609.7674,645053.8636,667370.5648,680321.5468,672033.5759,693098.031
IRQ,Iraq,CO2,89340.80597,101482.4422,96697.20304,84384.05484,91652.36282,88824.57616,86352.1124,79931.28781,91277.34351,97540.73229,112976.8403,117401.2064,134635.1316,145294.3876,140455.1978,138430.53,149565.0977,162652.0038,170791.0633,184164.3641,168919.6584
ISL,Iceland,CO2,2872.88517,2978.048801,3150.402122,3122.505391,3212.362226,3183.169201,3290.367327,3517.750332,3814.682381,3848.725095,3755.378079,3623.321808,3672.267474,3803.675349,3628.057716,3757.172988,3233.757396,3382.168157,3366.853191,3320.855994,2778.390014
ISR,Israel,CO2,59585.8945,59587.87078,62869.50875,64644.29115,64529.1293,62453.31711,65598.81087,68004.02487,68352.15509,67562.97592,72495.69995,71699.7209,78181.54266,68840.58046,66560.65449,68415.84087,67901.11658,68118.65758,63705.74571,64853.0322,60150.48161
ITA,Italy,CO2,469809.0773,470178.3171,482570.9991,508847.1349,519187.6141,527207.1675,525231.6279,525347.6944,518958.174,468378.2255,478586.954,461952.5153,449368.0044,420478.9017,399304.7784,411744.3877,406716.4236,405164.6346,398485.1695,391244.2138,354831.291
JAM,Jamaica,CO2,13258.64022,13512.34997,13117.7016,13181.37421,13486.78781,12735.33521,14731.88909,14398.71823,11874.58245,10541.93846,8776.039351,9120.974105,8376.688052,8788.735117,9091.359743,8663.962565,8723.773779,8270.983047,10080.77299,9682.175545,8411.142614
JOR,Jordan,CO2,16531.47814,16570.2064,17293.96675,17719.75252,19082.10405,20374.52764,20609.45211,21405.65896,20538.83677,21112.67571,20649.25824,21071.59195,24584.51372,24158.30478,25898.08088,25688.59599,25496.88118,26872.44895,25510.30095,25550.67917,23904.48386
JPN,Japan,CO2,1290275.962,1273287.759,1312769.624,1321267.195,1319153.905,1330556.116,1309211.334,1348646.385,1275334.981,1207878.749,1274994.408,1327065.638,1363827.947,1378341.118,1331855.347,1293829.349,1275750.372,1267297.312,1230788.849,1196838.752,1109159.886
KAZ,Kazakhstan,CO2,134578.3519,132538.844,147089.2555,162732.1566,174912.3719,186050.8302,207578.5773,219345.0818,257717.6173,231330.7738,247055.4113,266727.1071,261200.825,278509.0908,232363.1402,204666.4698,216871.8093,229554.4214,231272.6591,227203.0463,217777.4802
KEN,Kenya,CO2,44938.0624,44657.7564,47060.56886,46192.2941,49237.98757,50840.49473,52695.08243,53751.51815,55786.86706,59124.72714,61075.83284,62592.33131,62684.49207,66139.65786,67883.4922,71588.06521,74582.6382,75320.16907,74213.24352,80197.98815,75531.88317
KGZ,Kyrgyzstan,CO2,5191.513806,4499.069143,5506.43511,6112.22007,6091.5812,5829.10061,5822.609943,6957.50401,8019.209528,7311.961391,6885.848154,8154.560443,10532.57163,9974.876367,10195.8354,10803.95687,10279.25694,10072.72471,11921.43504,10787.3521,10086.32214
KHM,Cambodia,CO2,22321.40164,22987.02867,22786.39149,24794.20219,24167.02463,27378.82416,28404.20795,29898.00453,31072.56383,32385.81635,33712.71604,35182.47177,36386.58154,36691.66552,37886.72669,39566.37505,42946.88872,45352.48359,47819.8477,50623.68864,50998.08096
KIR,Kiribati,CO2,38.98796481,34.59981273,48.88133354,50.31418131,52.40891868,67.30914021,71.86146681,63.21058046,73.06226078,66.23819729,66.07444433,63.23028519,61.62082131,62.62476899,61.86491826,63.59682859,66.68028029,74.25178529,74.09907489,76.34846363,76.78986303
KNA,Saint Kitts and Nevis,CO2,431.8049487,438.0466961,477.9530898,628.7522096,631.6418532,583.6836251,387.3292054,399.3114201,396.290136,420.7486545,434.5541595,497.7443858,514.6441877,491.5041562,516.3787384,503.2124983,519.4297002,293.6855255,315.7414444,312.3904896,258.3086181
KOR,"Korea, Republic of",CO2,485603.9441,499331.0667,495387.7827,499359.0865,518997.1292,519494.8725,526494.4107,538053.1355,548753.6835,557526.5479,604881.8699,635375.4211,641097.0365,639410.8632,639791.3723,657982.8887,676034.6378,684789.4782,691754.7853,667677.196,622701.8144
KWT,Kuwait,CO2,54334.66409,57369.84488,59971.54154,63031.23258,67064.96765,75240.06275,77880.10306,76127.08239,81536.69076,83371.37611,86342.90579,89684.58399,90546.14297,92956.82979,91072.04667,94475.37614,97080.58309,96005.02474,96130.56509,96707.91673,91127.59523
LAO,Lao People's Democratic Republic,CO2,10385.50498,10794.70472,11101.49498,11305.75379,11694.60432,11841.98688,12523.78287,13171.21533,14519.12421,15472.01775,16130.15926,16257.70805,17052.97317,17750.80124,19461.41999,24771.69275,31742.77638,34675.91604,34575.20722,34197.33819,35287.10603
LBN,Lebanon,CO2,15855.82322,17125.64744,17100.65882,17140.18582,17377.39752,17313.52757,16865.96248,15628.29256,18972.82294,22160.44647,21269.19589,21625.5789,24101.18148,23718.20468,25621.84834,27481.15904,28464.8885,29898.47937,28242.83178,28485.18457,25767.74783
LBR,Liberia,CO2,6657.671997,6850.687522,7138.710701,7492.39268,7853.577756,8314.01166,8663.466899,8962.620821,9253.164193,9669.886252,10216.50519,10561.1006,11426.25999,11768.5402,12576.15538,13114.9921,13946.70849,14234.20105,14979.96054,15691.90461,16130.21283
LBY,Libyan Arab Jamahiriya,CO2,49869.47373,49605.40449,50802.74829,54686.42688,54107.86661,58621.35292,58393.59183,54682.89353,58097.8476,61252.35235,64653.8143,45796.28559,63200.68002,62521.86584,61646.43104,54887.99223,54530.57376,58499.12734,60270.57924,60416.11743,50044.95224
LCA,Saint Lucia,CO2,418.2041606,447.0309422,429.9600226,602.9864574,597.4056822,587.5470943,593.4041559,603.1464886,600.2130963,631.8991786,696.9739988,814.2361709,841.3062589,818.7325333,841.1337178,819.6463388,826.0077379,623.9059699,604.151087,838.9081845,702.6622269
LKA,Sri Lanka,CO2,30963.33922,29911.78672,30338.68101,31844.79071,32905.68204,34558.0131,33543.47701,34488.27577,33443.03076,33507.60107,35264.37159,37362.47505,41665.94682,36060.20513,39548.41535,42313.97878,43363.42493,44432.79801,43103.43744,46181.04464,44897.23125
LSO,Lesotho,CO2,3893.395423,3984.742574,3922.558468,3928.654026,3972.539623,3993.148834,4045.78189,4173.381631,4119.437604,4241.743625,4265.327905,4137.619923,4247.987669,4236.862572,4270.764871,4195.486178,4180.638185,4460.279793,4419.474311,4295.159574,4321.075119
LTU,Lithuania,CO2,14988.37271,15907.38554,16268.58408,16428.50315,17215.29132,18175.89836,18476.7946,20090.83246,20491.59043,18154.48756,18839.21852,19008.49783,19882.0408,18924.3899,19166.16442,20207.45017,19962.19177,20771.86142,20789.44573,21153.3884,21372.34028
LUX,Luxembourg,CO2,8957.785399,9501.647403,10200.02319,10637.56606,12089.28836,12406.35077,12237.12413,11799.20237,11677.76911,11044.06519,11664.62654,11527.26298,11306.76622,10804.66392,10422.91938,9960.349746,9732.668545,9973.009995,10388.99001,10647.21179,9067.243218
LVA,Latvia,CO2,11714.92287,12504.5375,12450.26722,12917.13834,13201.01739,13406.26855,13943.78313,14303.98478,13700.8417,13624.94648,14173.28092,13652.54228,14258.52138,14019.19532,14162.7795,14038.05374,13922.32004,14516.63526,15584.53933,15466.5278,14197.93873
MAC,Macao,CO2,1604.57588,1668.090159,1799.527113,1837.815783,2138.613257,2117.073798,2096.714539,1866.012415,1621.620995,1828.736013,1756.139346,1757.535847,1796.135892,1775.513887,1994.387764,2630.456468,2587.005814,3049.999892,2441.380026,2587.646586,2610.193925
MAR,Morocco,CO2,40143.27402,43662.34684,44420.57381,44238.15961,52253.24707,53892.05975,55032.3909,55017.23687,56907.01192,56042.42082,58759.34438,62470.01813,64457.96928,64361.39534,65462.00531,67224.12482,67111.39895,70419.31019,72203.40474,78052.41781,73019.29893
MDA,Moldova,CO2,7435.764751,7853.229454,8028.396635,8499.859763,8694.673405,9059.486265,8792.075833,8557.86124,8734.907696,8439.261266,11041.77283,11202.34408,11098.9024,10265.3886,11085.86687,11309.72496,11716.55536,11923.09593,12533.95377,12323.01688,11917.74879
MDG,Madagascar,CO2,17403.56254,17328.26515,17415.37592,18465.69239,19227.60708,19817.8715,22184.77126,22629.3877,23034.97801,23627.35757,23935.5378,24242.64338,26154.37452,27041.17543,27387.86525,28129.62472,29194.04605,29717.75996,30707.2081,32364.79197,32428.96136
MDV,Maldives,CO2,701.2040382,605.4869561,719.1521778,617.4156466,788.9878408,721.2440391,874.7499122,859.6118623,977.4192027,1069.541904,1084.765862,1200.136148,1495.756588,1585.892449,2087.380776,1520.651217,1602.477937,1635.659613,1856.572964,2138.492671,2147.866217
MEX,Mexico,CO2,452147.2103,450066.9978,454670.5012,475886.1864,486070.6749,503859.9893,520530.2399,528310.0886,529551.3435,515630.7818,532680.8541,539717.168,561677.6198,553550.2265,540092.3372,547674.6646,556391.7648,570877.942,557075.7867,554763.416,473734.3322
MKD,"Macedonia, the former Yugoslav Republic of",CO2,10046.36802,9954.231601,9424.360225,10266.09436,10058.33699,10660.04088,10631.81739,11268.98876,11076.57969,10074.54057,10092.55043,11229.13312,10657.45948,9823.464817,9451.494613,9003.016124,8437.086077,9056.305497,8510.242705,9540.603598,8035.175813
MLI,Mali,CO2,7872.206195,8113.802914,8174.421693,8531.997551,8397.637638,8833.872045,9126.771554,9556.821404,10185.24612,11169.42005,11168.22398,11567.00373,12155.29273,12873.69926,13380.77645,14607.69519,16145.37048,17186.76727,17949.04145,18783.86444,18656.89107
MLT,Malta,CO2,2163.238276,2525.708021,2355.205996,2642.595373,2639.947556,2671.123736,2702.582197,2763.29481,2769.635175,2550.130467,2644.040021,2623.911935,2796.721499,2458.181738,2451.70822,1751.500315,1445.383088,1617.066241,1656.107225,1764.90644,1671.74743
MMR,Myanmar,CO2,71100.55932,71956.48954,72891.88888,77420.36713,79465.43123,82534.38436,85340.03871,86553.8004,85282.24993,84740.834,85621.74261,84177.42615,85911.19086,88200.32465,91767.95173,93728.10291,96637.70796,108115.1935,110297.8995,112749.4025,112524.6592
MNG,Mongolia,CO2,9413.102,9437.238713,10129.18615,9834.509504,10048.4871,11580.60841,13068.18049,13671.36238,13656.32252,14336.99328,15092.44837,16610.42234,17877.37224,19158.17226,18903.35796,18030.56329,18959.94739,20383.59757,22364.30316,23968.38248,25009.85466
MOZ,Mozambique,CO2,27985.50954,24947.92951,28351.49421,31851.60592,32726.69855,33933.67201,33136.9263,22699.43687,23614.99005,22766.39098,22806.12149,30322.95581,31088.64838,31492.20517,32560.52195,34149.02735,36306.88628,35475.43982,35747.55872,36690.16979,36081.68722
MRT,Mauritania,CO2,3262.034647,3349.277843,3530.043734,3690.895572,3892.546518,4024.928429,4213.055826,4507.553112,4831.585431,4888.555872,4923.4917,4960.17072,5441.314374,5289.438384,5769.023363,5862.106514,5814.911979,7117.745866,7361.740019,7743.887187,7759.858904
MTQ,Martinique,CO2,2352.650296,2354.877995,2360.20021,2579.480386,2606.147486,2474.206688,2389.521711,2417.214055,2368.808472,2575.197832,2734.865969,2531.666134,2561.079998,2583.337274,2663.035576,2342.934141,2370.980724,2154.51463,2153.938741,2141.858233,1791.044642
MUS,Mauritius,CO2,5380.048356,5619.082493,5270.721417,5636.626614,5725.242178,5724.887213,6001.297612,5837.554432,5492.57089,5292.264465,5665.512818,5545.813533,5485.87264,5534.946461,5563.010856,5778.185676,5616.007177,5634.609363,5452.045504,5460.946443,4850.841217
MWI,Malawi,CO2,10621.10898,10361.38559,10980.39003,11203.71098,11242.64826,11490.53392,11601.83684,12305.89375,12859.27979,12889.23459,12946.6105,12966.36688,13446.16985,13466.9961,13648.84025,13451.3848,13553.78026,14154.17467,14463.26564,14918.55921,14957.9177
MYS,Malaysia,CO2,141009.9672,148049.4436,157308.75,166474.7077,178872.2322,189805.1648,197014.2992,214978.0226,228185.9989,206352.9831,223356.0301,225331.2412,228368.6671,246536.8495,259340.2632,261775.8527,257831.4579,249118.2937,267778.6073,276691.0177,266455.1396
NAM,Namibia,CO2,3115.738376,3636.453429,3290.186405,3472.151418,3654.153673,3815.767515,3885.893478,3937.887285,4255.815304,4470.523083,4464.873037,4649.334461,4891.822609,5064.492112,5283.893807,5512.512737,5520.278369,5578.376304,5603.556812,5597.768678,5507.643287
NCL,New Caledonia,CO2,2303.397573,2313.731127,2541.929136,2786.317737,2524.299109,2771.94838,2712.812651,2724.84077,2826.021249,2954.338027,3669.660193,3682.590713,3728.974176,3960.092967,4803.358546,4632.52177,4908.283359,4666.155432,5192.164541,5425.133206,5574.262615
NER,Niger,CO2,7581.498543,7926.073467,8208.168337,8483.497018,8275.279115,8823.413796,9299.160679,9769.079102,10397.70742,10185.70196,11576.8245,9762.386793,11133.28705,13323.49201,13955.66189,14177.31931,14707.48444,15096.88322,15684.96657,16207.75863,16503.86387
NGA,Nigeria,CO2,394324.3928,407278.6769,405792.8013,425776.2464,431101.1405,439460.5188,441160.244,446933.5768,463016.5146,459342.5692,489010.9796,513731.9437,532492.8331,549740.0584,556643.5366,558053.0598,573466.8389,580190.2282,589153.2012,601946.3925,604406.175
NIC,Nicaragua,CO2,11729.63957,10558.33472,9556.266983,10124.99197,10524.56283,10332.06681,10893.05073,11321.67101,11005.25353,10996.12152,11353.21042,11600.39963,12044.16287,11927.06424,12378.38355,12747.52196,12967.9671,13336.39455,13110.67709,13285.29968,12506.21084
NLD,Netherlands,CO2,181778.8159,186730.5833,187774.4855,189745.8021,193117.6303,190120.0341,186035.7875,187512.9493,189981.0609,186576.5206,198572.4976,186901.4927,186392.0579,185626.5107,177912.1496,185411.8764,186375.9794,185115.794,180139.7772,177204.8057,161556.9826
NOR,Norway,CO2,48334.78197,48174.19026,47724.57244,50758.87597,51022.85486,49589.63275,50161.73574,51046.33646,51779.70289,50082.85978,55693.59596,53909.39321,52447.91817,52637.72143,51460.55948,52365.28895,52398.68994,52407.44231,51975.23322,50340.70753,48626.39103
NPL,Nepal,CO2,41768.3756,42904.01458,43478.57954,44741.30483,45211.91856,46441.57934,46507.07502,47326.23413,48595.92212,49917.2511,50988.42513,51845.04379,50805.66459,55687.54764,57540.27687,55904.73611,59458.28634,62481.80343,65673.33501,64979.11982,64845.81144
NZL,New Zealand,CO2,39090.33967,41008.85784,41618.69198,42439.04086,42317.87479,43199.18399,43034.34403,41852.26581,42484.35274,39581.54895,40024.49099,39354.47694,41509.14414,40949.38779,41766.32609,41746.89881,41077.98059,42364.83799,41758.33841,43728.59492,46509.037
OMN,Oman,CO2,25334.51836,28459.72158,30421.15315,32162.28762,31763.99366,33013.74677,42158.60359,45557.2436,44721.83191,47165.27659,51475.67117,59728.59837,67421.19621,70613.39548,75007.8807,79309.9385,82399.8281,82340.94773,85560.5626,86480.81353,85676.86101
PAK,Pakistan,CO2,244260.6759,254667.8153,263780.6018,270254.1682,291017.3905,281499.0068,298718.7632,327815.6231,328037.2171,322259.0747,321392.7967,334273.0865,340662.0027,354826.539,364125.831,373000.738,401354.7813,422593.1951,415233.8016,421235.9492,423513.5486
PAN,Panama,CO2,7509.554068,8786.533739,8365.37752,8464.977244,8426.593708,9606.089719,10140.96955,10057.42482,9630.242857,11053.83307,11657.52491,12760.08161,13206.48739,13223.3012,13596.38045,13270.93223,13540.27844,13324.74524,12466.80195,15909.85643,13906.81711
PER,Peru,CO2,48718.70165,46955.7015,48628.1796,48356.18644,51078.71612,50914.86594,50912.62915,54488.27573,60662.97531,64478.1625,69922.51626,69540.2854,71413.55085,70910.75183,72420.56831,74611.19016,77633.08843,72740.93425,75223.16256,78929.2812,66540.94996
PHL,Philippines,CO2,138934.9828,136416.4296,137089.5376,139292.2807,141807.4253,145405.9198,139932.4719,148588.969,152506.362,153979.6301,159020.3576,162836.9297,170863.3631,180490.1721,188881.3106,197029.5398,205906.0986,223936.2194,229825.8579,236539.0982,223720.322
PLW,Palau,CO2,2121.43949,2363.057072,1443.833405,1717.826203,1521.630992,1734.092946,1696.333447,1382.813907,1397.625366,2172.704817,2110.184044,2369.232791,3603.437854,1823.718837,1267.661698,1195.306929,1144.25546,1196.247525,1230.426495,1268.168703,1276.227161
PNG,Papua New Guinea,CO2,9280.221082,9863.847943,10530.08827,10948.81832,11238.65953,11495.83828,11492.92713,11095.18292,11029.3604,11092.8136,10153.05375,10505.64055,10242.26694,10264.47393,11148.15598,11538.49226,11935.41547,11638.65702,11858.6511,12193.50544,12287.65353
POL,Poland,CO2,332020.288,330229.1216,323743.6238,336025.1855,339643.7179,339480.1137,353196.7937,353229.3953,350795.7495,340353.9788,361684.8119,362662.9522,358527.6893,353629.9504,341662.7749,344843.8825,355002.4023,367928.521,367749.1246,351794.1748,335869.2992
PRI,Puerto Rico,CO2,1689.795344,2202.342628,2207.161714,2440.539654,2335.180709,2327.9654,2346.685676,2344.763483,2438.600776,2190.449768,2350.131978,2424.321968,3771.736471,4268.276419,4313.97172,4176.207271,4537.371299,1251.767344,1249.674071,1245.226962,1206.620433
PRK,North Korea,CO2,77987.86273,80990.49442,77832.88598,79426.03803,80980.02135,84201.82468,85728.47526,72397.4242,78941.2113,61299.21991,57414.93712,43179.82501,44071.41443,33206.83281,38151.36287,32664.18816,37495.68075,61645.12054,57263.92223,63232.97382,65736.87552
PRT,Portugal,CO2,78931.33725,78151.40365,82798.8839,77743.11378,79606.98792,82979.8577,78621.96963,77911.49389,75785.61035,75592.65375,70268.30523,68909.39956,65825.92517,64817.17633,64433.09921,68246.67683,67349.02418,72147.72226,68081.00483,63956.57171,59579.07746
PRY,Paraguay,CO2,15844.50653,16616.07866,16563.0952,17220.57505,16132.43216,15883.21914,15928.87851,16833.23119,18037.50064,17762.70007,20013.24538,20337.3991,19180.1632,20795.70921,21468.17236,22760.99098,26498.85025,27775.85451,28169.4436,27688.00801,28240.53796
PYF,French Polynesia,CO2,782.8796335,889.7474307,925.6962231,979.5522766,931.5919935,976.947042,917.3117309,919.2864409,983.7059018,1008.001075,1011.543785,999.8035808,958.7136455,972.3091805,939.4082613,962.0445657,932.0939958,896.8831032,917.9957476,941.5347991,946.0489162
QAT,Qatar,CO2,31806.90048,32496.6542,36259.32448,38326.39178,41225.81771,43618.41775,48902.39497,55066.37096,59614.23199,61055.88247,69028.96546,78009.07703,82130.07512,89787.3686,95242.1371,98645.71752,100481.1396,101322.0561,99883.93301,105385.2229,94752.61826
REU,Reunion,CO2,2522.821736,2507.052548,2586.211893,2653.494738,2916.456604,2807.961962,2681.872647,2464.923852,2661.232731,2775.659397,2977.474078,2876.630418,2706.230404,2622.472019,2719.207504,2840.629428,2900.060578,2938.247269,2945.348502,2963.100834,2556.858614
ROU,Romania,CO2,110574.0536,116002.6614,115034.3327,120821.0017,121534.6796,119959.855,124785.4843,121723.9987,123997.772,104330.1707,102489.1635,108042.9414,105618.799,98365.539,98206.73132,98712.32174,97890.94317,101882.1975,103097.9801,101935.1055,90104.84463
RUS,Russian Fed,CO2,1702985.588,1713433.646,1702079.949,1763867.551,1764585.309,1765615.452,1801264.553,1806575.153,1793725.477,1686802.468,1759214.18,1852020.63,1830196.907,1778750.401,1761987.912,1764719.81,1743136.56,1774631.682,1845882.896,1917831.118,1835461.501
RWA,Rwanda,CO2,7073.755736,7029.080015,7121.322854,7127.376602,7164.543984,7189.116074,7207.027448,7266.234807,7310.597945,7423.683786,7499.028779,7548.249924,7943.804274,8053.166499,8161.990336,8227.105446,8502.921912,8654.956435,8868.82075,9110.441854,8982.670465
SAU,Saudi Arabia,CO2,266070.4679,276781.2654,294896.3284,309492.9886,328272.9581,347583.2303,367956.1718,389047.9536,421519.1281,444752.9956,487663.676,509792.4792,539793.0294,547580.0677,586494.6878,611994.0407,610619.7107,599111.0888,574193.6385,577910.2751,575365.8444
SCG,Serbia and Montenegro,CO2,56031.43774,60309.14183,63791.25336,67150.19441,72395.22714,67861.89158,70196.69581,68391.33933,68318.93416,65612.04359,67561.90465,72023.0642,64763.67541,65963.78859,57399.42693,65151.29403,67402.27952,66530.49923,65956.9222,66350.05834,66426.45498
SDN,Sudan,CO2,41295.72083,44280.96988,45852.83628,47695.00535,47955.98669,52999.2683,56013.50011,54908.6538,54313.60798,57406.12942,54641.64905,57466.60954,57372.19688,59304.6882,61492.78455,61235.84519,67083.46493,64591.08191,67081.93557,65949.63459,62480.8983
SEA,Int. Shipping,CO2,502130.8119,476440.0245,494635.876,502350,551978.1317,571636.1705,608958.072,645305.4986,646686.845,614876.374,661801.826,662463.4633,616451.3639,615026.1139,635925.2522,660361.0343,678697.9779,702530.8548,700884.1111,685590.3524,667765.0032
SEN,Senegal,CO2,7726.244133,8309.004207,8486.166257,8485.213953,9037.673363,9655.138238,9658.854066,10468.65049,11263.10701,13615.94525,13450.37785,13896.37835,14325.41934,13487.00468,14470.58202,15371.82725,16332.18447,15448.23751,16038.9408,18378.55019,18465.92364
SGP,Singapore,CO2,45966.68292,46729.96403,46060.97691,43351.82054,45440.62242,42639.6538,42875.76584,44399.52224,44033.53848,44887.27287,50294.56043,52791.22447,51591.99782,54261.38621,55591.68028,56917.74253,55951.48533,60517.96074,58286.0374,58403.99652,57320.7663
SHN,Saint Helena,CO2,11.22571744,7.509044486,7.526856835,7.985771158,9.090510658,9.704177288,8.524115369,9.916423866,10.37440511,10.59609347,11.48642022,12.00553224,12.18649744,14.86971866,14.84437395,14.96168718,15.65674057,16.35179398,17.19407321,16.90945275,15.57263794
SLB,Solomon Islands,CO2,405.9873077,421.6971149,433.548847,442.5207792,453.3147252,460.3649315,460.8350489,448.5711052,468.364621,489.1553641,502.2566968,526.3420419,523.4832837,524.2398806,499.9962605,462.8359338,441.4546737,440.6081697,451.3386202,456.6824002,458.8822557
SLE,Sierra Leone,CO2,7829.514674,8006.69604,8281.96592,8515.413565,8726.172467,8834.159073,9205.632752,8875.531709,9041.856502,9303.007685,9379.367801,9649.39176,10196.84818,10509.86316,10806.52783,10487.30729,10869.7453,11043.25202,11563.71996,11179.65639,11315.6482
SLV,El Salvador,CO2,10862.11448,12246.48917,12446.59465,13197.9475,13873.95228,13332.2891,14139.23548,14067.91768,13603.07534,13139.64835,12755.10152,12593.53489,11443.05935,10817.68943,10417.72676,10752.37218,11212.19962,10743.33534,11107.73173,12197.6301,11024.73024
SOM,Somalia,CO2,13303.53271,13609.00008,14247.32871,15239.92728,15689.97548,16085.98249,16759.95341,16908.05269,18096.46192,19044.30095,19248.19326,19595.25469,20642.12959,21030.39512,21393.81708,22082.18003,23007.30789,23853.9172,24777.11676,25853.29691,26420.50067
SPM,Saint Pierre and Miquelon,CO2,98.23335984,97.91630645,135.4367264,263.6846906,252.9993799,255.8755465,273.3685427,277.9461352,275.570242,283.335496,291.1904523,321.523232,326.8766251,298.4987504,327.801751,311.0383228,323.2403813,110.2463135,126.2369182,108.5910229,95.51423721
STP,Sao Tome and Principe,CO2,192.5352494,191.4798202,202.5192445,214.0652279,228.3528798,237.808794,243.5116037,249.1093271,258.7552822,271.0138582,278.4644564,272.6255556,274.5580721,278.0783722,280.7630262,298.4799679,306.0992686,314.4227575,314.5940293,332.6251244,320.605741
SUR,Suriname,CO2,1856.225858,1912.152227,1421.207456,1491.323542,1642.741832,1928.606076,1804.564662,1676.378398,1726.280364,1738.815087,2037.266081,2247.766841,2677.980983,2543.377394,2877.700629,2977.453424,3201.374009,2744.919929,2449.119154,2895.434702,2743.070822
SVK,Slovakia,CO2,42004.68475,44096.87865,43493.9677,43841.6002,44696.42643,45356.83159,44630.90728,44635.45576,45091.62515,42008.22341,45054.29522,43512.24046,41601.7331,41850.42768,39815.63855,40860.65536,41893.33909,43870.93923,43445.02747,43384.45499,40713.9135
SVN,Slovenia,CO2,18339.84521,20557.06008,20418.1903,20506.72605,20864.35768,21563.09994,21480.52061,21634.8283,22730.97542,20554.69584,20994.05691,19867.81465,19238.23933,19396.97871,17675.80725,18032.77734,18732.66126,18973.47801,18817.10682,18323.00827,16973.04876
SWE,Sweden,CO2,105748.9337,101973.2831,103173.5112,105866.6707,104958.3542,103223.7621,106849.7129,106961.991,105425.0504,102391.3381,115512.4239,106912.143,109542.8805,107722.9337,105572.0219,107992.6384,109538.9912,110670.8642,108074.3553,109643.1088,104792.0646
SWZ,Swaziland,CO2,7649.317341,7736.777193,8068.70164,7930.981257,7762.249733,8461.398281,10444.98748,10876.4114,11055.4545,10585.38244,10460.33495,9696.57409,9837.778934,10011.07362,9825.42085,10164.71561,9729.993394,7649.002023,8314.234927,9094.333854,8467.227131
SYC,Seychelles,CO2,861.6298899,926.611842,818.9020826,820.9275757,1159.305451,1055.596392,1136.352922,935.1766731,993.0349023,1089.582936,989.4324449,777.6814648,874.6715529,787.7251458,903.4550448,948.5803863,1030.523955,1110.158382,979.3288763,996.0977937,1012.290582
SYR,Syrian Arab Republic,CO2,47456.87298,48217.71146,48182.34088,48432.62152,50180.76381,61100.5303,64630.17675,67494.03825,68578.38113,64840.09525,65409.77916,60425.39527,50520.89596,33069.10645,28347.60816,27391.16925,28505.7448,31633.13389,29190.75208,28827.09068,26770.41401
TCA,Turks and Caicos Islands,CO2,99.49053854,102.9881175,155.392473,279.2303696,274.3951348,289.348201,320.2759793,341.8509356,347.2019909,364.1720921,381.4859197,429.3797168,442.5124513,418.1585016,456.7213052,444.6987697,461.5787061,258.8322398,274.1693856,279.0335028,232.2560492
TCD,Chad,CO2,8761.308524,8952.31695,9129.77656,9658.31712,9707.555602,10172.49264,10314.84645,10717.803,10829.36597,11077.51836,11826.38967,11319.74984,12909.41447,13260.61666,13663.1366,14002.09275,14567.89008,15363.0322,15878.19962,16257.89355,16241.13727
TGO,Togo,CO2,5947.059359,5946.479064,6131.519932,6483.732136,6543.012968,6623.921888,6661.0404,6820.330806,7296.580425,8876.700683,8855.788054,8809.458708,9112.824004,8959.375976,8968.967418,8845.004141,9605.77504,9123.959706,9755.33656,10027.03643,10092.02273
THA,Thailand,CO2,256673.7811,263851.1553,277942.2727,294058.5442,314685.5631,324744.8303,328326.1731,341714.5074,349446.5376,346112.8186,370187.5596,408384.7922,446465.8725,450506.6886,452625.6908,438880.2996,455622.7278,447442.7537,474712.4247,528776.7011,510170.7987
TJK,Tajikistan,CO2,2993.638073,2930.974521,2987.204924,3083.28459,3624.363614,3469.321929,3767.408453,4328.440334,4074.363574,3392.648524,3408.560754,3362.284774,3820.695021,3949.114362,5092.763728,5432.835552,6664.816413,7832.879353,9058.844972,9935.163568,9454.814335
TKM,Turkmenistan,CO2,39806.11148,40778.28593,43792.88082,48772.33708,51966.37636,53678.32307,55725.56401,61092.97,62236.90794,54993.76706,62023.61631,67167.23785,71458.0762,72861.17002,73820.56706,76359.2501,76377.69635,76039.68285,75854.6087,75965.71842,72755.35209
TLS,Timor-Leste,CO2,555.3898448,497.0872107,481.5893418,670.3337597,825.9790389,721.2068561,722.1361734,655.039734,697.0628241,759.9865079,725.0514218,715.9435039,1011.434028,1052.129928,1024.384784,949.7707133,861.3174968,870.844827,836.0453297,837.8311012,802.0972011
TON,Tonga,CO2,112.6487148,104.3589462,113.0780819,134.1590151,120.5608328,128.3458134,140.182422,113.3388419,127.9366022,143.4591548,131.3899849,127.6152331,124.7157417,119.1533382,128.1039998,131.0318081,134.4397088,159.2768834,139.1528771,165.4283566,166.2523492
TTO,Trinidad and Tobago,CO2,19031.81385,21547.05247,23386.26167,26696.77238,28614.8769,34332.54695,37896.6237,38469.85161,37470.53208,36295.16833,39803.75187,40177.38004,36911.19367,36148.49585,36010.96657,35651.57696,31964.18259,32422.38327,31643.39866,32630.06631,29110.60603
TUN,Tunisia,CO2,24624.57503,25597.40354,25450.44574,25391.81068,26750.05465,27519.35382,28430.83296,29332.56108,30016.34279,30357.09095,31911.72661,30538.85807,32552.58319,32482.45503,34194.97256,34630.77553,33679.66628,33966.23758,33974.05799,33987.60313,31486.83862
TUR,Turkey,CO2,274068.0693,251337.6085,261169.1973,271465.1983,278532.5112,288504.5562,314580.1351,337833.7936,335894.2454,339718.3423,349297.5013,366969.7739,376999.8428,369784.2817,387769.445,401714.0831,423471.7381,467607.0104,460824.5501,446394.7051,446869.4448
TWN,Taiwan_Province of China,CO2,227868.028,235191.7337,242756.5097,253743.0179,263451.7647,271386.9142,278673.7317,283568.9445,271232.7361,258340.7172,275125.7705,280887.7701,276202.9375,281753.6471,286782.7122,285051.4595,289596.2808,294837.5449,292198.4163,282206.1375,272934.9502
TZA,Tanzania_United Republic of,CO2,53547.81631,55137.6227,59102.0079,61355.81819,63774.54652,67315.8591,69081.06035,69318.304,71106.43716,72311.08191,74607.0538,77944.0479,78126.86302,81889.06778,81193.41002,83215.69845,84337.97198,85893.37979,86762.89449,88201.92045,88938.62352
UGA,Uganda,CO2,46529.69034,47099.19808,48540.45248,49979.57327,51061.38476,52197.14476,52969.49371,54740.79879,56750.40111,59124.60632,59628.74008,62182.95632,64937.05089,66594.18594,69080.82937,70446.96248,73000.44169,76984.00891,80452.29225,88331.47688,87985.10444
UKR,Ukraine,CO2,363152.2432,365023.4933,365525.3315,395784.3954,373791.7645,361420.2583,363107.3813,373535.39,363052.6688,301813.4522,322054.3598,342155.5069,332487.8816,325574.6756,282211.5277,239019.0274,242687.0644,220708.8727,236018.9515,224820.33,213523.3309
URY,Uruguay,CO2,8304.639866,7726.901581,7342.111506,7371.539253,8895.287986,8893.856397,10087.24615,10058.00122,15571.22438,16294.94168,16580.9127,17726.33367,19530.82563,18571.52335,19834.68207,22244.99932,22340.31265,22513.26362,21994.66393,22687.25288,22066.12496
USA,USA,CO2,6416453.206,6326269.735,6151830.345,6255050.372,6359060.401,6382133.891,6283998.766,6390201.435,6229676.506,5801701.536,6095978.228,5890542.556,5698303.485,5871556.085,5909543.457,5778125.026,5673538.867,5605033.197,5806346.539,5647252.304,5013131.527
UZB,Uzbekistan,CO2,128046.0609,129253.3282,133530.5294,125918.3103,129009.7764,122669.3623,131158.0955,127461.1888,133254.6147,121223.3569,131898.6553,134519.0961,119679.2092,118173.1443,110894.6006,105544.7319,111876.7951,116017.7922,119054.7975,124153.4587,123566.3325
VCT,Saint Vincent and the Grenadines,CO2,227.1334337,251.3523605,294.1439655,425.8831775,439.8985928,429.3000274,440.4974795,444.9134274,434.2634601,537.5148007,484.3657552,535.037814,606.8393294,517.1164691,554.1421738,537.1262959,542.509453,364.3020923,345.5256521,304.0206808,259.5686019
VEN,Venezuela,CO2,149604.5021,154362.4858,158911.7663,153574.7286,162460.3925,168964.088,168314.6166,165232.4021,173668.4972,174208.5605,184227.3386,180443.1691,202474.1477,201810.3196,199776.1138,181347.5552,166904.4603,155655.4088,146388.7743,125210.4625,106452.9229
VGB,Virgin Islands_British,CO2,135.1130441,136.9105125,173.3673736,303.0157584,301.767919,302.9103211,328.2347355,334.3825198,339.8824374,361.3810616,377.5233422,428.5205688,441.486341,413.4232693,438.8353985,420.9360195,432.1094258,200.6953241,260.8208589,208.3261907,174.3744642
VNM,Viet Nam,CO2,168021.4969,170710.0162,184386.7164,191790.5805,207531.5283,213850.2881,217973.6857,230378.5856,242974.3377,257377.2822,273523.2866,279081.4607,284357.82,294866.8452,312605.4787,346751.6948,324338.4007,333293.1238,389924.5214,443598.6258,430260.7906
VUT,Vanuatu,CO2,194.0248916,205.5558833,204.4872153,220.5618448,195.4276243,195.1373351,186.1783427,227.9458126,230.9743797,255.1424068,257.4290526,287.2453512,252.9366211,248.2964863,268.5864465,253.5802448,253.1566939,269.7029689,315.5345863,314.4649213,315.6075082
WSM,Samoa,CO2,276.2830251,285.9188376,290.9919509,296.5563699,293.8798899,297.1123545,297.4168719,300.4592107,316.6070527,336.116667,336.8333971,347.4769678,345.4930238,340.6598492,342.2840205,382.7008115,394.4070047,389.1707149,379.2897074,416.0926912,418.0856873
YEM,Yemen,CO2,16223.51494,17257.26599,17257.32415,19927.97362,20897.10227,22538.17451,23553.08271,25038.24089,25822.31178,28190.05521,27053.46598,23631.0369,22686.29245,29460.16581,28966.08649,14780.35513,11612.95683,11192.78032,10909.46188,12840.57392,12145.07484
ZAF,South Africa,CO2,422138.7591,423019.5155,440310.6813,458731.3514,487777.8833,500502.809,499196.1381,519455.792,549347.8353,520278.7763,523871.9098,502701.5107,520372.1702,535161.7309,544612.9545,512840.8936,510362.5417,521849.0751,518049.6074,520574.3104,479428.5172
ZMB,Zambia,CO2,20370.1875,20649.6677,20889.6085,21901.2502,22297.28507,22609.61748,23340.29028,23364.72666,23799.03676,25399.30304,26743.78336,27786.87132,29354.1129,29976.04672,32080.75707,32195.29491,33521.23132,36333.70091,36803.0822,35725.32709,36486.92616
ZWE,Zimbabwe,CO2,46184.16411,46384.02002,44774.32089,42266.38044,43202.93811,43489.97001,40148.16742,39593.17874,36606.55399,36930.88205,39574.55348,41663.25225,42759.3119,43509.51978,43994.4648,44428.73638,43377.99193,43603.17952,46425.9033,45146.57191,45857.98083
